TAXONKEY,SPECODE,TAXONNOM_TAXONNAME,COMMONNAME,SCIENTIFICNAME612962,12962,Allocyttus niger,Black oreo,Allocyttus niger601574,1574,Alosa aestivalis,Blueback shad,Alosa aestivalis601580,1580,Alosa kessleri,Caspian anadromous shad,Alosa kessleri601583,1583,Alosa pseudoharengus,Alewife,Alosa pseudoharengus601584,1584,Alosa sapidissima,American shad,Alosa sapidissima602565,2565,Amblyraja radiata,Thorny skate,Amblyraja radiata603821,3821,Ammodytes dubius,Northern sand lance,Ammodytes dubius600037,37,Ammodytes marinus,Lesser sand-eel,Ammodytes marinus602501,2501,Anarhichas lupus,Wolf-fish,Anarhichas lupus603811,3811,Anarhichas minor,Spotted wolffish,Anarhichas minor600512,512,Anoplopoma fimbria,Sablefish,Anoplopoma fimbria690275,90275,Arctica islandica,Ocean quahog,Arctica islandica606977,6977,Arctozenus risso,Ribbon barracudina,Arctozenus risso602700,2700,Argentina silus,Greater argentine,Argentina silus604043,4043,Artediellus uncinatus,Arctic hookear sculpin,Artediellus uncinatus604157,4157,Aspidophoroides monopterygius,Alligatorfish,Aspidophoroides monopterygius607327,7327,Balistes capriscus,Grey triggerfish,Balistes capriscus600319,319,Boreogadus saida,Polar cod,Boreogadus saida601589,1589,Brevoortia patronus,Gulf menhaden,Brevoortia patronus601592,1592,Brevoortia tyrannus,Atlantic menhaden,Brevoortia tyrannus600051,51,Brosme brosme,Tusk,Brosme brosme600857,857,Carcharhinus acronotus,Blacknose shark,Carcharhinus acronotus600872,872,Carcharhinus isodon,Finetooth shark,Carcharhinus isodon600874,874,Carcharhinus limbatus,Blacktip shark,Carcharhinus limbatus600878,878,Carcharhinus obscurus,Dusky shark,Carcharhinus obscurus600880,880,Carcharhinus plumbeus,Sandbar shark,Carcharhinus plumbeus614131,14131,Centroberyx gerrardi,Bight redfish,Centroberyx gerrardi600361,361,Centropristis striata,Black seabass,Centropristis striata600656,656,Centroscyllium fabricii,Black dogfish,Centroscyllium fabricii690320,90320,Geryon quinquedens,Red crab,Chaceon quinquedens600474,474,Champsocephalus gunnari,Mackerel icefish,Champsocephalus gunnari690650,90650,Chionoecetes bairdi,Southern tanner crab,Chionoecetes bairdi690313,90313,Chionoecetes opilio,Queen crab,Chionoecetes opilio606426,6426,Pagrus auratus,Squirefish,Chrysophrys auratus604209,4209,Citharichthys arctifrons,Gulf Stream flounder,Citharichthys arctifrons600024,24,Clupea harengus,Atlantic herring,Clupea harengus601520,1520,Clupea pallasii pallasii,Pacific herring,Clupea pallasii600625,625,Coilia dussumieri,Goldspotted grenadier anchovy,Coilia dussumieri600231,231,Coregonus albula,Vendace,Coregonus albula600234,234,Coregonus clupeaformis,Lake whitefish,Coregonus clupeaformis602670,2670,Coregonus hoyi,Bloater,Coregonus hoyi600232,232,Coregonus lavaretus,Common whitefish,Coregonus lavaretus609199,9199,Cottunculus microps,Polar sculpin,Cottunculus microps600062,62,Cyclopterus lumpus,Lumpsucker,Cyclopterus lumpus604710,4710,Dentex tumifrons,Yellowback seabream,Dentex tumifrons602561,2561,Dipturus laevis,Barndoor skate,Dipturus laevis600467,467,Dissostichus eleginoides,Patagonian toothfish,Dissostichus eleginoides601874,1874,Enchelyopus cimbrius,Fourbeard rockling,Enchelyopus cimbrius601659,1659,Engraulis anchoita,Argentine anchoita,Engraulis anchoita600066,66,Engraulis encrasicolus,European anchovy,Engraulis encrasicolus601664,1664,Engraulis mordax,Californian anchovy,Engraulis mordax600004,4,Engraulis ringens,Anchoveta,Engraulis ringens604237,4237,Eopsetta jordani,Petrale sole,Eopsetta jordani600017,17,Epinephelus morio,Red grouper,Epinephelus morio601208,1208,Epinephelus niveatus,Snowy grouper,Epinephelus niveatus600258,258,Esox lucius,Northern pike,Esox lucius602711,2711,Esox masquinongy,Muskellunge,Esox masquinongy690265,90265,Farfantepenaeus aztecus,Northern brown shrimp,Farfantepenaeus aztecus690268,90268,Farfantepenaeus duorarum,Northern pink shrimp,Farfantepenaeus duorarum600308,308,Gadus macrocephalus,Pacific cod,Gadus macrocephalus600069,69,Gadus morhua,Atlantic cod,Gadus morhua600309,309,Gadus ogac,Greenland cod,Gadus ogac602420,2420,Gasterosteus aculeatus aculeatus,Three-spined stickleback,Gasterosteus aculeatus aculeatus600482,482,Genypterus blacodes,Pink cusk-eel,Genypterus blacodes600485,485,Genypterus capensis,Kingklip,Genypterus capensis600026,26,Glyptocephalus cynoglossus,Witch,Glyptocephalus cynoglossus604238,4238,Glyptocephalus zachirus,Rex sole,Glyptocephalus zachirus607041,7041,Gobionotothen gibberifrons,Humped rockcod,Gobionotothen gibberifrons603131,3131,Gymnelus viridis,Fish doctor,Gymnelus viridis690884,90884,Haliotis iris,Haliotis iris,Haliotis iris600076,76,Helicolenus dactylopterus dactylopterus,Blackbelly rosefish,Helicolenus dactylopterus604097,4097,Hemitripterus americanus,Sea raven,Hemitripterus americanus604229,4229,Hippoglossina oblonga,American fourspot flounder,Hippoglossina oblonga608845,8845,Hippoglossoides dubius,Flathead flounder,Hippoglossoides dubius600519,519,Hippoglossoides elassodon,Flathead sole,Hippoglossoides elassodon604239,4239,Hippoglossoides platessoides,American plaice,Hippoglossoides platessoides601371,1371,Hippoglossus hippoglossus,Atlantic halibut,Hippoglossus hippoglossus600514,514,Hippoglossus stenolepis,Pacific halibut,Hippoglossus stenolepis690010,90010,Homarus americanus,American lobster,Homarus americanus600334,334,Hoplostethus atlanticus,Orange roughy,Hoplostethus atlanticus604108,4108,Icelus spatula,Spatulate sculpin,Icelus spatula690271,90271,Illex illecebrosus,Northern shortfin squid,Illex illecebrosus690321,90321,Jasus edwardsii,Red rock lobster,Jasus edwardsii690069,90069,Jasus lalandii,Cape rock lobster,Jasus lalandii600107,107,Katsuwonus pelamis,Skipjack tuna,Katsuwonus pelamis600088,88,Lamna nasus,Porbeagle,Lamna nasus607045,7045,Lepidonotothen squamifrons,Grey rockcod,Lepidonotothen squamifrons624237,24237,Lepidopsetta bilineata,Rock sole,Lepidopsetta bilineata658882,58882,Lepidopsetta polyxystra,Northern rock sole,Lepidopsetta polyxystra600027,27,Lepidorhombus boscii,Fourspotted megrim,Lepidorhombus boscii600028,28,Lepidorhombus whiffiagonis,Megrim,Lepidorhombus whiffiagonis604154,4154,Leptagonus decagonus,Atlantic poacher,Leptagonus decagonus603788,3788,Leptoclinus maculatus,Daubed shanny,Leptoclinus maculatus602557,2557,Leucoraja erinacea,Little skate,Leucoraja erinacea601253,1253,Leucoraja garmani,Freckled skate,Leucoraja garmani602562,2562,Leucoraja ocellata,Winter skate,Leucoraja ocellata600520,520,Limanda aspera,Yellowfin sole,Limanda aspera600521,521,Limanda ferruginea,Yellowtail flounder,Limanda ferruginea600695,695,Limanda limanda,Dab,Limanda limanda604243,4243,Limanda proboscidea,Longhead dab,Limanda proboscidea650421,50421,Limanda sakhalinensis,Limanda sakhalinensis,Limanda sakhalinensis690182,90182,Limulus polyphemus,Horseshoe crab,Limulus polyphemus690612,90612,Lithodes aequispinus,Same-spine stone crab,Lithodes aequispinus690272,90272,Litopenaeus setiferus,Northern white shrimp,Litopenaeus setiferus600532,532,Lophius americanus,American angler,Lophius americanus605094,5094,Lophius budegassa,Black-bellied angler,Lophius budegassa600716,716,Lophius piscatorius,Angler,Lophius piscatorius600362,362,Lopholatilus chamaeleonticeps,Great northern tilefish,Lopholatilus chamaeleonticeps601380,1380,Lumpenus lampretaeformis,Snakeblenny,Lumpenus lampretaeformis601403,1403,Lutjanus analis,Mutton snapper,Lutjanus analis601423,1423,Lutjanus campechanus,Northern red snapper,Lutjanus campechanus600181,181,Lutjanus synagris,Lane snapper,Lutjanus synagris603143,3143,Lycodes reticulatus,Arctic eelpout,Lycodes reticulatus615761,15761,Lycodes vahlii,Vahls eelpout,Lycodes vahlii600331,331,Macrourus berglax,Onion-eye grenadier,Macrourus berglax600329,329,Macruronus magellanicus,Patagonian grenadier,Macruronus magellanicus601825,1825,Macruronus novaezelandiae,Blue grenadier,Macruronus novaezelandiae602568,2568,Malacoraja senta,Smooth skate,Malacoraja senta600252,252,Mallotus villosus,Capelin,Mallotus villosus601381,1381,Melanogrammus aeglefinus,Haddock,Melanogrammus aeglefinus603150,3150,Melanostigma atlanticum,Atlantic soft pout,Melanostigma atlanticum600029,29,Merlangius merlangus,Whiting,Merlangius merlangus600322,322,Merluccius australis,Southern hake,Merluccius australis600323,323,Merluccius bilinearis,Silver hake,Merluccius bilinearis601828,1828,Merluccius capensis,Shallow-water Cape hake,Merluccius capensis600324,324,Merluccius gayi gayi,South Pacific hake,Merluccius gayi600325,325,Merluccius hubbsi,Argentine hake,Merluccius hubbsi600030,30,Merluccius merluccius,European hake,Merluccius merluccius601826,1826,Merluccius paradoxus,Deep-water Cape hake,Merluccius paradoxus600326,326,Merluccius productus,North Pacific hake,Merluccius productus600320,320,Micromesistius australis,Southern blue whiting,Micromesistius australis600031,31,Micromesistius poutassou,Blue whiting,Micromesistius poutassou600408,408,Micropogonias undulatus,Atlantic croaker,Micropogonias undulatus604247,4247,Microstomus pacificus,Dover sole,Microstomus pacificus601383,1383,Molva dypterygia,Blue ling,Molva dypterygia600033,33,Molva molva,Ling,Molva molva600353,353,Morone saxatilis,Striped sea-bass,Morone saxatilis601212,1212,Mycteroperca microlepis,Gag,Mycteroperca microlepis604120,4120,Myoxocephalus octodecemspinosus,Longhorn sculpin,Myoxocephalus octodecemspinosus604123,4123,Myoxocephalus scorpioides,Arctic sculpin,Myoxocephalus scorpioides601329,1329,Myoxocephalus scorpius,Shorthorn sculpin,Myoxocephalus scorpius602513,2513,Myxine glutinosa,Hagfish,Myxine glutinosa610106,10106,Nemadactylus macropterus,Tarakihi,Nemadactylus macropterus604705,4705,Platycephalus richardsoni,Tiger flathead,Neoplatycephalus richardsoni603104,3104,Nezumia bairdii,Marlin-spike grenadier,Nezumia bairdii600468,468,Notothenia rossii,Marbled rockcod,Notothenia rossii600188,188,Ocyurus chrysurus,Yellowtail snapper,Ocyurus chrysurus600240,240,Oncorhynchus gorbuscha,Pink salmon,Oncorhynchus gorbuscha600241,241,Oncorhynchus keta,Chum salmon,Oncorhynchus keta600245,245,Oncorhynchus kisutch,Coho salmon,Oncorhynchus kisutch600239,239,Oncorhynchus mykiss,Rainbow trout,Oncorhynchus mykiss600243,243,Oncorhynchus nerka,Sockeye salmon,Oncorhynchus nerka600244,244,Oncorhynchus tshawytscha,Chinook salmon,Oncorhynchus tshawytscha600509,509,Ophiodon elongatus,Lingcod,Ophiodon elongatus600253,253,Osmerus mordax mordax,Atlantic rainbow smelt,Osmerus mordax600253,253,Osmerus mordax mordax,Atlantic rainbow smelt,Osmerus mordax mordax690885,90885,Ovalipes ocellatus,Ovalipes ocellatus,Ovalipes ocellatus600445,445,Pagrus major,Red seabream,Pagrus major601756,1756,Pagrus pagrus,Common seabream,Pagrus pagrus690381,90381,Palinurus gilchristi,Southern spiny lobster,Palinurus gilchristi690269,90269,Pandalus borealis,Northern prawn,Pandalus borealis601338,1338,Paralichthys dentatus,Summer flounder,Paralichthys dentatus690621,90621,Paralithodes camtschaticus,Paralithodes camtschaticus,Paralithodes camtschaticus690622,90622,Paralithodes platypus,Blue King Crab,Paralithodes platypus604248,4248,Parophrys vetulus,English sole,Parophrys vetulus654742,54742,Patagonotothen guntheri,Yellowfin notothen,Patagonotothen guntheri690062,90062,Penaeus esculentus,Brown tiger prawn,Penaeus esculentus690163,90163,Penaeus semisulcatus,Green tiger prawn,Penaeus semisulcatus600492,492,Peprilus triacanthus,American butterfish,Peprilus triacanthus600359,359,Perca flavescens,Yellow perch,Perca flavescens601880,1880,Phycis chesteri,Longfin hake,Phycis chesteri690011,90011,Placopecten magellanicus,American sea scallop,Placopecten magellanicus601341,1341,Platichthys flesus,Flounder,Platichthys flesus604249,4249,Platichthys stellatus,Starry flounder,Platichthys stellatus614340,14340,Platycephalus conatus,Deepwater flathead,Platycephalus conatus600251,251,Plecoglossus altivelis altivelis,Ayu,Plecoglossus altivelis690335,90335,Pleoticus robustus,Royal red shrimp,Pleoticus robustus604037,4037,Pleurogrammus monopterygius,Atka mackerel,Pleurogrammus monopterygius601342,1342,Pleuronectes platessa,European plaice,Pleuronectes platessa604250,4250,Pleuronectes quadrituberculatus,Alaska plaice,Pleuronectes quadrituberculatus601343,1343,Pollachius virens,Saithe,Pollachius virens600364,364,Pomatomus saltatrix,Bluefish,Pomatomus saltatrix601002,1002,Pseudocaranx dentex,White trevally,Pseudocaranx dentex690886,90886,Pseudocarcinus gigas,Giant crab,Pseudocarcinus gigas600475,475,Pseudochaenichthys georgianus,South Georgia icefish,Pseudochaenichthys georgianus607151,7151,Pseudocyttus maculatus,Smooth oreo,Pseudocyttus maculatus612364,12364,Pseudopentaceros wheeleri,Slender armorhead,Pseudopentaceros wheeleri600524,524,Pseudopleuronectes americanus,Winter flounder,Pseudopleuronectes americanus601252,1252,Raja eglanteria,Clearnose skate,Raja eglanteria602566,2566,Raja rhina,Longnose skate,Raja rhina,,,,Redfish species600516,516,Reinhardtius hippoglossoides,Greenland halibut,Reinhardtius hippoglossoides600517,517,Atheresthes stomias,Arrowtooth flounder,Reinhardtius stomias608490,8490,Rexea solandri,Silver gemfish,Rexea solandri600905,905,Rhizoprionodon terraenovae,Atlantic sharpnose shark,Rhizoprionodon terraenovae600213,213,Rhomboplites aurorubens,Vermilion snapper,Rhomboplites aurorubens600236,236,Salmo salar,Atlantic salmon,Salmo salar600238,238,Salmo trutta trutta,Sea trout,Salmo trutta600246,246,Salvelinus fontinalis,Brook trout,Salvelinus fontinalis600248,248,Salvelinus namaycush,Lake trout,Salvelinus namaycush601350,1350,Sardina pilchardus,European pilchard,Sardina pilchardus601505,1505,Sardinella janeiro,Brazilian sardinella,Sardinella janeiro601477,1477,Sardinops sagax,South American pilchard,Sardinops sagax600117,117,Scomber japonicus,Chub mackerel,Scomber japonicus600118,118,Scomber scombrus,Atlantic mackerel,Scomber scombrus600120,120,Scomberomorus cavalla,King mackerel,Scomberomorus cavalla600126,126,Scomberomorus maculatus,Spanish mackerel,Scomberomorus maculatus600530,530,Scophthalmus aquosus,Windowpane,Scophthalmus aquosus657861,57861,Psetta maeotica,Psetta maeotica,Scophthalmus maeoticus603943,3943,Scorpaena guttata,California scorpionfish,Scorpaena guttata604140,4140,Scorpaenichthys marmoratus,Cabezon,Scorpaenichthys marmoratus603949,3949,Sebastes aleutianus,Rougheye rockfish,Sebastes aleutianus600504,504,Sebastes alutus,Pacific ocean perch,Sebastes alutus603954,3954,Sebastes borealis,Shortraker rockfish,Sebastes borealis603956,3956,Sebastes carnatus,Gopher rockfish,Sebastes carnatus603960,3960,Sebastes ciliatus,Dusky rockfish,Sebastes ciliatus603962,3962,Sebastes crameri,Darkblotched rockfish,Sebastes crameri600502,502,Sebastes entomelas,Widow rockfish,Sebastes entomelas603969,3969,Sebastes fasciatus,Acadian redfish,Sebastes fasciatus600503,503,Sebastes flavidus,Yellowtail rockfish,Sebastes flavidus603971,3971,Sebastes goodei,Chilipepper,Sebastes goodei603974,3974,Sebastes jordani,Shortbelly rockfish,Sebastes jordani603976,3976,Sebastes levis,Cowcod,Sebastes levis603979,3979,Sebastes melanops,Black rockfish,Sebastes melanops603981,3981,Sebastes melanostomus,Blackgill rockfish,Sebastes melanostomus600505,505,Sebastes mentella,Deepwater redfish,Sebastes mentella603982,3982,Sebastes miniatus,Vermilion rockfish,Sebastes miniatus603983,3983,Sebastes mystinus,Blue rockfish,Sebastes mystinus661067,61067,Sebastes norvegicus,Golden redfish,Sebastes norvegicus603987,3987,Sebastes paucispinis,Bocaccio,Sebastes paucispinis603989,3989,Sebastes pinniger,Canary rockfish,Sebastes pinniger603990,3990,Sebastes polyspinis,Northern rockfish,Sebastes polyspinis603996,3996,Sebastes ruberrimus,Yelloweye rockfish,Sebastes ruberrimus501135,,Sebastes,Redfishes,Sebastes spp663583,63583,Sebastes variabilis,Sebastes variabilis,Sebastes variabilis604009,4009,Sebastolobus alascanus,Shortspine thornyhead,Sebastolobus alascanus604010,4010,Sebastolobus altivelis,Longspine thornyhead,Sebastolobus altivelis601005,1005,Seriola dumerili,Greater amberjack,Seriola dumerili612918,12918,Seriolella brama,Common warehou,Seriolella brama612922,12922,Seriolella punctata,Silver warehou,Seriolella punctata601761,1761,Serranus scriba,Painted comber,Serranus scriba690334,90334,Sicyonia brevirostris,Rock shrimp,Sicyonia brevirostris608512,8512,Sillago flindersi,Flinders sillago,Sillago flindersi600525,525,Solea solea,Common sole,Solea solea600525,525,Solea solea,Common sole,Solea vulgaris600915,915,Sphyrna tiburo,Bonnethead,Sphyrna tiburo690033,90033,Spisula solidissima,Atlantic surf clam,Spisula solidissima601357,1357,Sprattus sprattus,European sprat,Sprattus sprattus600139,139,Squalus acanthias,Piked dogfish,Squalus acanthias600452,452,Stenotomus chrysops,Scup,Stenotomus chrysops603795,3795,Stichaeus punctatus punctatus,Arctic shanny,Stichaeus punctatus600458,458,Tautoga onitis,Tautog,Tautoga onitis603672,3672,Tautogolabrus adspersus,Cunner,Tautogolabrus adspersus600318,318,Theragra chalcogramma,Alaska pollack,Theragra chalcogramma600142,142,Thunnus alalunga,Albacore,Thunnus alalunga600143,143,Thunnus albacares,Yellowfin tuna,Thunnus albacares600145,145,Thunnus maccoyii,Southern bluefin tuna,Thunnus maccoyii600146,146,Thunnus obesus,Bigeye tuna,Thunnus obesus600147,147,Thunnus thynnus,Northern bluefin tuna,Thunnus thynnus605382,5382,Trachurus capensis,Cape horse mackerel,Trachurus capensis601278,1278,Trachurus mediterraneus,Mediterranean horse mackerel,Trachurus mediterraneus600367,367,Trachurus murphyi,Inca scad,Trachurus murphyi600368,368,Trachurus symmetricus,Pacific jack mackerel,Trachurus symmetricus601365,1365,Trachurus trachurus,Atlantic horse mackerel,Trachurus trachurus604146,4146,Triglops murrayi,Moustache sculpin,Triglops murrayi601023,1023,Trisopterus esmarkii,Norway pout,Trisopterus esmarkii600312,312,Urophycis chuss,Red hake,Urophycis chuss600313,313,Urophycis tenuis,White hake,Urophycis tenuis600226,226,Xiphias gladius,Swordfish,Xiphias gladius600480,480,Zoarces americanus,Ocean pout,Zoarces americanus500352,,Alosa,Shads,Alosa spp500375,,Liparis,Liparis,Liparis spp501486,,Lycodes,Eelpouts,Lycodes spp590046,,Haliotis,Abalones,Haliotis spp590063,,Cancer,Cancer,Cancer spp605048,5048,Arripis trutta,Eastern Australian salmon,Arripis trutta604032,4032,Hexagrammos decagrammus,Kelp greenling,Hexagrammos decagrammus607039,7039,Dissostichus mawsoni,Antarctic toothfish,Dissostichus mawsoni600752,752,Isurus oxyrinchus,Shortfin mako,Isurus oxyrinchus