STOCKID,TSN,SCIENTIFICNAME,COMMONNAME,AREAID,STOCKLONG,INMYERSDB,MYERSSTOCKIDCOD1,164712,Gadus morhua,Atlantic cod,multinational-NAFO-1,Atlantic cod West Greenland (NAFO 1),1,COD1COD2J3KL,164712,Gadus morhua,Atlantic cod,Canada-DFO-2J3KL,Atlantic cod NAFO 2J3KL,1,COD2J3KLCOD2J3KLIS,164712,Gadus morhua,Atlantic cod,Canada-DFO-2J3KL,Atlantic cod NAFO 2J3KL inshore,0,NACOD3M,164712,Gadus morhua,Atlantic cod,multinational-NAFO-3M,Atlantic cod NAFO 3M,1,COD3MCOD3NO,164712,Gadus morhua,Atlantic cod,multinational-NAFO-3NO,Atlantic cod NAFO 3NO,1,COD3NOCOD3Ps,164712,Gadus morhua,Atlantic cod,Canada-DFO-3Ps,Atlantic cod NAFO 3Ps,1,COD3PsCOD3Pn4RS,164712,Gadus morhua,Atlantic cod,Canada-DFO-3Pn4RS,Atlantic cod NAFO 3Pn4RS,1,COD3Pn4RSCOD4T,164712,Gadus morhua,Atlantic cod,Canada-DFO-4T,Atlantic cod NAFO 4T,1,COD4TCOD4VsW,164712,Gadus morhua,Atlantic cod,Canada-DFO-4VsW,Atlantic cod NAFO 4VsW,1,COD4VsWCOD4TVn,164712,Gadus morhua,Atlantic cod,Canada-DFO-4T,Atlantic cod NAFO 4TVn,1,COD4TVnCOD4X,164712,Gadus morhua,Atlantic cod,Canada-DFO-4X,Atlantic cod NAFO 4X,1,COD4XCOD5Y,164712,Gadus morhua,Atlantic cod,USA-NMFS-5Y,Atlantic cod NAFO 5Y,1,COD5YCOD5Z,164712,Gadus morhua,Atlantic cod,USA-NMFS-5Z,Atlantic cod NAFO 5Z,1,COD5ZCOD5Zjm,164712,Gadus morhua,Atlantic cod,Canada-DFO-5Zjm,Atlantic cod NAFO 5Zjm,0,NACODNEAR,164712,Gadus morhua,Atlantic cod,multinational-ICES-I-II,Atlantic cod Northeast Arctic,1,CODNEARCODBA2224,164712,Gadus morhua,Atlantic cod,multinational-ICES-22-24,Atlantic cod Baltic Areas 22 and 24,1,CODBA2224CODBA2532,164712,Gadus morhua,Atlantic cod,multinational-ICES-25-32,Atlantic cod Baltic Areas 25-32,1,CODBA2532CODVIa,164712,Gadus morhua,Atlantic cod,multinational-ICES-VIa,Atlantic cod West of Scotland,1,CODVIaCODIS,164712,Gadus morhua,Atlantic cod,multinational-ICES-VIIa,Atlantic cod Irish Sea,1,CODISCODICE,164712,Gadus morhua,Atlantic cod,multinational-ICES-Va,Atlantic cod Iceland,1,CODICECODNS,164712,Gadus morhua,Atlantic cod,multinational-ICES-IV,Atlantic cod North Sea,1,CODNSCODKAT,164712,Gadus morhua,Atlantic cod,multinational-ICES-IIIa,Atlantic cod Kattegat,1,CODKATCODVIId,164712,Gadus morhua,Atlantic cod,multinational-ICES-VIId,Atlantic cod ICES VIId,1,CODVIIdPCODGA,164711,Gadus macrocephalus,Pacific cod,USA-NMFS-GA,Pacific cod Gulf of Alaska,1,PCODGAPCODHS,164711,Gadus macrocephalus,Pacific cod,Canada-DFO-HS,Pacific cod Hecate Strait,1,PCODHSPCODWCVANI,164711,Gadus macrocephalus,Pacific cod,Canada-DFO-WCVANI,Pacific cod West Coast of Vancouver Island,1,PCOWCVANICHUMMIN,161976,Oncorhynchus keta,Chum salmon,USA-US State-MIN,"Chum salmon Minter Creek, Washington",1,CHUMMINCOHOMIN,161977,Oncorhynchus kisutch,Coho salmon,USA-US State-MIN,"Coho salmon Minter Creek, Washington",1,COHOMINCOHOSHAL,161977,Oncorhynchus kisutch,Coho salmon,USA-US State-SHAL,"Coho salmon Shale Creek, Washington",1,COHOSHALCOHOSKY,161977,Oncorhynchus kisutch,Coho salmon,USA-US State-SKY,"Coho salmon South Fork Skykomish River, Washington",1,COHOSKYCOHOSNAH,161977,Oncorhynchus kisutch,Coho salmon,USA-US State-SNAH,"Coho salmon Snahapish Creek, Washington",1,COHOSNAHCOHOSNOW,161977,Oncorhynchus kisutch,Coho salmon,USA-US State-SNOW,"Coho salmon Snow Creek, Washington",1,COHOSNOWCOHOSPRI,161977,Oncorhynchus kisutch,Coho salmon,USA-US State-SPRI,"Coho salmon Spring Creek, Oregon",1,COHOSPRICOHOTAYU,161977,Oncorhynchus kisutch,Coho salmon,USA-US State-TAYU,"Coho salmon Little Tayuha Creek, Washington",1,COHOTAYUCOHOWILD,161977,Oncorhynchus kisutch,Coho salmon,USA-US State-WILD,"Coho salmon Wildcat Creek, Washington",1,COHOWILDREXSOLEGA,172978,Glyptocephalus zachirus,Rex sole,USA-NMFS-GA,Rex sole Gulf of Alaska,0,NAARFLOUNDGA,616029,Atheresthes stomias,Arrowtooth flounder,USA-NMFS-GA,Arrowtooth flounder Gulf of Alaska,0,NAARFLOUNDEBS,616029,Atheresthes stomias,Arrowtooth flounder,USA-NMFS-EBS,Arrowtooth flounder Eastern Bering Sea,0,NAFLSOLEGA,172875,Hippoglossoides elassodon,Flathead sole,USA-NMFS-GA,Flathead sole Gulf of Alaska,0,NAFLSOLEEBS,172875,Hippoglossoides elassodon,Flathead sole,USA-NMFS-EBS,Flathead sole Eastern Bering Sea,0,NANRSOLEEBSAI,616392,Lepidopsetta polyxystra,Northern rock sole,USA-NMFS-EBSAI,Northern rock sole Eastern Bering Sea and Aleutian Islands,0,NAPERCHGA,166707,Sebastes alutus,Pacific Ocean perch,USA-NMFS-GA,Pacific Ocean perch Gulf of Alaska,1,PERCHGAPERCHEBSAI,166707,Sebastes alutus,Pacific Ocean perch,USA-NMFS-EBSAI,Pacific Ocean perch Eastern Bering Sea and Aleutian Islands,1,PERCHALIALPLAEBS,172901,Pleuronectes quadrituberculatus,Alaska plaice,USA-NMFS-EBS,Alaska plaice Eastern Bering Sea,0,NANROCKGA,166735,Sebastes polyspinis,Northern rockfish,USA-NMFS-GA,Northern rockfish Gulf of Alaska,0,NANROCKEBSAI,166735,Sebastes polyspinis,Northern rockfish,USA-NMFS-EBSAI,Northern rockfish Eastern Bering Sea and Aleutian Islands,0,NAREYEROCKGA,166706,Sebastes aleutianus,Rougheye rockfish,USA-NMFS-GA,Rougheye rockfish Gulf of Alaska,0,NAATKAGA,167120,Pleurogrammus monopterygius,Atka mackerel,USA-NMFS-GA,Atka mackerel Gulf of Alaska,0,NAATKAAI,167120,Pleurogrammus monopterygius,Atka mackerel,USA-NMFS-AI,Atka mackerel Aleutian Islands,1,ATKAALIAMPL5YZ,172877,Hippoglossoides platessoides,American Plaice,USA-NMFS-5YZ,American Plaice NAFO-5YZ,1,AMPL5YZAMPL23K,172877,Hippoglossoides platessoides,American Plaice,multinational-NAFO-23K,American Plaice NAFO-23K,0,NAAMPL3LNO,172877,Hippoglossoides platessoides,American Plaice,multinational-NAFO-3LNO,American Plaice NAFO-3LNO,1,AMPL3LNOAMPL3M,172877,Hippoglossoides platessoides,American Plaice,multinational-NAFO-3M,American Plaice NAFO-3M,1,AMPL3MAMPL3Ps,172877,Hippoglossoides platessoides,American Plaice,Canada-DFO-3Ps,American Plaice NAFO-3Ps,1,AMPL3PsHAD4X,164744,Melanogrammus aeglefinus,Haddock,Canada-DFO-4X,Haddock NAFO-4X,1,HAD4XHAD4X5Y,164744,Melanogrammus aeglefinus,Haddock,Canada-DFO-4X5Y,Haddock NAFO-4X5Y,0,NAHAD5Y,164744,Melanogrammus aeglefinus,Haddock,USA-NMFS-5Y,Haddock NAFO-5Y,1,HAD5YHAD5Z,164744,Melanogrammus aeglefinus,Haddock,multinational-TRAC-5Z,Haddock NAFO-5Z,1,HAD5ZHAD5Zejm,164744,Melanogrammus aeglefinus,Haddock,Canada-DFO-5Zejm,Haddock NAFO-5Zejm,0,NAHADICE,164744,Melanogrammus aeglefinus,Haddock,multinational-ICES-Va,Haddock Iceland,1,HADICEYELL5Z,172909,Limanda ferruginea,Yellowtail Flounder,multinational-TRAC-5Z,Yellowtail Flounder NAFO-5Z,1,YELL5ZYELL3LNO,172909,Limanda ferruginea,Yellowtail Flounder,multinational-NAFO-3LNO,Yellowtail Flounder NAFO 3LNO,1,YELL3LNOYELLSNEMATL,172909,Limanda ferruginea,Yellowtail Flounder,USA-NMFS-SNEMATL,Yellowtail Flounder Southern New England-Mid Atlantic,1,YELLSNEPOLL5YZ,164727,Pollachius virens,Pollock,USA-NMFS-5YZ,Pollock NAFO-5YZ,0,NAPOLL4VWX5Zc,164727,Pollachius virens,Pollock,Canada-DFO-4VWX5Zc,Pollock NAFO-4VWX5Zc,0,NAPOLL4VWX5,164727,Pollachius virens,Pollock,Canada-DFO-4VWX5,Pollock NAFO-4VWX5,1,POLL4VWX5WITFLOUN5Y,172873,Glyptocephalus cynoglossus,Witch Flounder,USA-NMFS-5Y,Witch Flounder NAFO-5Y,0,NAWINFLOUND5Y,172905,Pseudopleuronectes americanus,Winter Flounder,USA-NMFS-5Y,Winter Flounder NAFO-5Y,0,NAWINFLOUNSNEMATL,172905,Pseudopleuronectes americanus,Winter Flounder,USA-NMFS-SNEMATL,Winter Flounder Southern New England-Mid Atlantic,0,NAWINFLOUN5Z,172905,Pseudopleuronectes americanus,Winter Flounder,USA-NMFS-5Z,Winter Flounder NAFO-5Z,0,NAWHAKE5YZ,164732,Urophycis tenuis,White Hake,USA-NMFS-5YZ,White Hake NAFO-5YZ,0,NAWINDOW5YZ,172746,Scophthalmus aquosus,Windowpane,USA-NMFS-5YZ,Windowpane NAFO-5YZ,0,NAWINDOWSNEMATL,172746,Scophthalmus aquosus,Windowpane,USA-NMFS-SNEMATL,Windowpane Southern New England-Mid Atlantic,0,NAACADRED5YZ,166774,Sebastes fasciatus,Acadian Redfish,USA-NMFS-5YZ,Acadian Redfish NAFO-5YZ,0,NAATHAL5YZ,172933,Hippoglossus hippoglossus,Atlantic Halibut,USA-NMFS-5YZ,Atlantic Halibut NAFO-5YZ,0,NACAPENOR,162035,Mallotus villosus,Capelin,multinational-ICES-I,Capelin Barents Sea,1,NACAPEICE,162035,Mallotus villosus,Capelin,multinational-ICES-Va,Capelin Iceland,1,CAPEICECODFAPL,164712,Gadus morhua,Atlantic cod,multinational-ICES-Vb1,Atlantic cod Faroe Plateau,1,NACODCOASTNOR,164712,Gadus morhua,Atlantic cod,multinational-ICES-I-II,Atlantic cod coastal Norway,1,NAGHALNEAR,172930,Reinhardtius hippoglossoides,Greenland halibut,multinational-ICES-I-II,Greenland halibut Northeast Arctic,1,GHALNEARPOLLNEAR,164727,Pollachius virens,Pollock,multinational-ICES-I-II,Pollock Northeast Arctic,1,POLLNEARPOLLFAPL,164727,Pollachius virens,Pollock,multinational-ICES-Vb1,Pollock Faroe Plateau,1,POLLFAHADNEAR,164744,Melanogrammus aeglefinus,Haddock,multinational-ICES-I-II,Haddock Northeast Arctic,1,HADNEARREDDEEPI-II,166756,Sebastes mentella,Deepwater Redfish,multinational-ICES-I-II,Deepwater Redfish Northeast Arctic,1,REDI\_IIHADFAPL,164744,Melanogrammus aeglefinus,Haddock,multinational-ICES-Vb1,Haddock Faroe Plateau,1,HADFAPLHADNS-IIIa,164744,Melanogrammus aeglefinus,Haddock,multinational-ICES-IIIa-IV,Haddock ICES IIIa and North Sea,1,HADNSHADVIa,164744,Melanogrammus aeglefinus,Haddock,multinational-ICES-VIa,Haddock West of Scotland,1,HADVIaHADVIIb-k,164744,Melanogrammus aeglefinus,Haddock,multinational-ICES-VIIb-k,Haddock ICES VIIb-k,0,NAHADROCK,164744,Melanogrammus aeglefinus,Haddock,multinational-ICES-VIb,Haddock Rockall Bank,1,HADROCKHADIS,164744,Melanogrammus aeglefinus,Haddock,multinational-ICES-VIIa,Haddock Irish Sea,1,HADISGOLDREDNEAR,166781,Sebastes norvegicus,Golden Redfish,multinational-ICES-I-II,Golden Redfish Northeast Arctic,0,NALOBSTERRI,97314,Homarus americanus,American lobster,USA-US State-RI,American lobster Rhode Island,0,NATAUTOGRI,170479,Tautoga onitis,Tautog,USA-US State-RI,Tautog Rhode Island,0,NAWINFLOUNDRI,172905,Pseudopleuronectes americanus,Winter flounder,USA-US State-RI,Winter flounder Rhode Island,0,NASEELNS,171677,Ammodytes marinus,Sand lance,multinational-ICES-IV,Sandeel North Sea,0,NASEELNNS,171677,Ammodytes marinus,Sand lance,multinational-ICES-IVa,Sandeel Northern North Sea,0,NASEELSNS,171677,Ammodytes marinus,Sand lance,multinational-ICES-IVc,Sandeel Southern North Sea,0,NANPOUTNS,164756,Trisopterus esmarkii,Norway pout,multinational-ICES-IV,Norway pout North Sea,1,NPOUTNSHERRIsum,161722,Clupea harengus,Herring,multinational-ICES-Va,Herring Iceland (Summer spawners),1,HERRIsumHERRNS,161722,Clupea harengus,Herring,multinational-ICES-IV,Herring North Sea,1,HERRNSHERRVIa,161722,Clupea harengus,Herring,multinational-ICES-VIa,Herring ICES VIa,1,HERRVIaHERRVIaVIIbc,161722,Clupea harengus,Herring,multinational-ICES-VIa-VIIb-VIIc,Herring ICES VIa-VIIb-VIIc,1,HERRVIaVIIbcHERR2224IIIa,161722,Clupea harengus,Herring,multinational-ICES-22-24-IIIa,Herring ICES 22-24-IIIa,0,NAHERR2532,161722,Clupea harengus,Herring,multinational-ICES-25-32,Herring ICES 25-32,0,NAHERR30,161722,Clupea harengus,Herring,multinational-ICES-30,Herring ICES 30,0,NAHERRRIGA,161722,Clupea harengus,Herring,multinational-ICES-28,Herring ICES 28,0,NAHERRNIRS,161722,Clupea harengus,Herring,multinational-ICES-VIIa,Herring Northern Irish Sea,1,HERRNIRSPLAIC7d,172902,Pleuronectes platessa,European Plaice,multinational-ICES-VIId,European Plaice ICES VIId,1,PLAIC7dPLAICIIIa,172902,Pleuronectes platessa,European Plaice,multinational-ICES-IIIa,European Plaice ICES IIIa,1,PLAICIIIaPLAICNS,172902,Pleuronectes platessa,European Plaice,multinational-ICES-IV,European Plaice North Sea,1,PLAICNSPLAICIS,172902,Pleuronectes platessa,European Plaice,multinational-ICES-VIIa,European Plaice Irish Sea,1,PLAICISPLAICECHW,172902,Pleuronectes platessa,European Plaice,multinational-ICES-VIIe,European Plaice ICES VIIe,0,NASOLENS,173001,Solea vulgaris,common European sole,multinational-ICES-IV,common European sole North Sea,1,SOLENSSOLEVIId,173001,Solea vulgaris,common European sole,multinational-ICES-VIId,common European sole ICES VIId,1,SOLEVIIdSOLEIS,173001,Solea vulgaris,common European sole,multinational-ICES-VIIa,common European sole Irish Sea,1,SOLEISSOLEIIIa,173001,Solea vulgaris,common European sole,multinational-ICES-IIIa,common European sole ICES Kattegat and Skagerrak,1,SOLEIIIaSOLEVIIe,173001,Solea vulgaris,common European sole,multinational-ICES-VIIe,common European sole Western English Channel,1,SOLEVIIeSOLECS,173001,Solea vulgaris,common European sole,multinational-ICES-VIIf-g,common European sole Celtic Sea,1,SOLECSSOLEVIII,173001,Solea vulgaris,common European sole,multinational-ICES-VIII,common European sole Bay of Biscay,1,SOLEVIIIWHITNS-VIId-IIIa,164758,Merlangius merlangus,Whiting,multinational-ICES-IIIa-IV-VIId,"Whiting ICES IIIa, VIId and North Sea",0,NAWHITVIa,164758,Merlangius merlangus,Whiting,multinational-ICES-VIa,Whiting ICES VIa,1,WHITVIaWHITVIIek,164758,Merlangius merlangus,Whiting,multinational-ICES-VIIe-k,Whiting ICES VIIe-k,0,NASPRATNS,161789,Sprattus sprattus,Sprat,multinational-ICES-IV,Sprat North Sea,0,NASPRAT22-32,161789,Sprattus sprattus,Sprat,multinational-ICES-22-32,Sprat ICES Baltic Areas 22-32,1,SPRAT22-32ALBANPAC,172419,Thunnus alalunga,Albacore tuna,USA-NMFS-NPAC,Albacore tuna North Pacific,0,NAALBASPAC,172419,Thunnus alalunga,Albacore tuna,multinational-WCPFC-SPAC,Albacore tuna South Pacific Ocean,1,ALBASPACCROCKPCOAST,166734,Sebastes pinniger,Canary rockfish,USA-NMFS-PCOAST,Canary rockfish Pacific Coast,0,NAESOLEPCOAST,172921,Parophrys vetulus,English sole,USA-NMFS-PCOAST,English sole Pacific Coast,0,NAARFLOUNDPCOAST,616029,Reinhardtius stomias,Arrowtooth flounder,USA-NMFS-PCOAST,Arrowtooth flounder Pacific Coast,0,NABLACKROCKNPCOAST,166727,Sebastes melanops,Black rockfish,USA-NMFS-NPCOAST,Black rockfish Northern Pacific Coast,0,NABLUEROCKCAL,166730,Sebastes mystinus,Blue rockfish,USA-NMFS-CAL,Blue rockfish California,0,NACHILISPCOAST,166722,Sebastes goodei,Chilipepper,USA-NMFS-SPCOAST,Chilipepper Southern Pacific Coast,1,CHILIPEPPERCOWCODSCAL,166754,Sebastes levis,Cowcod,USA-NMFS-SCAL,Cowcod Southern California,0,NALNOSESKAPCOAST,160851,Raja rhina,Longnose skate,USA-NMFS-PCOAST,Longnose skate Pacific Coast,0,NASABLEFPCOAST,167123,Anoplopoma fimbria,Sablefish,USA-NMFS-PCOAST,Sablefish Pacific Coast,1,SABLEFUSAYEYEROCKPCOAST,166740,Sebastes ruberrimus,Yelloweye rockfish,USA-NMFS-PCOAST,Yelloweye rockfish Pacific Coast,0,NADKROCKPCOAST,166715,Sebastes crameri,Darkblotched rockfish,USA-NMFS-PCOAST,Darkblotched rockfish Pacific Coast,0,NABLACKROCKSPCOAST,166727,Sebastes melanops,Black rockfish,USA-NMFS-SPCOAST,Black rockfish Southern Pacific Coast,0,NABOCACCSPCOAST,166733,Sebastes paucispinis,Bocaccio,USA-NMFS-SPCOAST,Bocaccio Southern Pacific Coast,1,BOCAEURCONWROCKPCOAST,166719,Sebastes entomelas,Widow rockfish,USA-NMFS-PCOAST,Widow rockfish Pacific Coast,0,NAPOPERCHPCOAST,166707,Sebastes alutus,Pacific ocean perch,USA-NMFS-PCOAST,Pacific ocean perch Pacific Coast,1,PERCHWUSSBELLYROCKPCOAST,166725,Sebastes jordani,Shortbelly rockfish,USA-NMFS-PCOAST,Shortbelly rockfish Pacific Coast,0,NAPHAKEPCOAST,164792,Merluccius productus,Pacific hake,USA-NMFS-PCOAST,Pacific hake Pacific Coast,1,PHAKEVANCONCODGB,164712,Gadus morhua,Atlantic cod,USA-NMFS-5Z,Atlantic cod Georges Bank,1,COD5ZHADGB,164744,Melanogrammus aeglefinus,Haddock,USA-NMFS-5Z,Haddock Georges Bank,1,HAD5ZYELLGB,172909,Limanda ferruginea,Yellowtail flounder,USA-NMFS-5Z,Yellowtail flounder Georges Bank,1,YELL5ZYELLCCODGOM,172909,Limanda ferruginea,Yellowtail flounder,USA-NMFS-CCOD5Y,Yellowtail flounder Cape Cod / Gulf of Maine,0,NACODGOM,164712,Gadus morhua,Atlantic cod,USA-NMFS-5Y,Atlantic cod Gulf of Maine,0,NAWITFLOUNNWATLC,172873,Glyptocephalus cynoglossus,Witch flounder,USA-NMFS-NWATLC,Witch flounder Northwestern Atlantic Coast,0,NAAMPLGOMGB,172877,Hippoglossoides platessoides,American plaice,USA-NMFS-5YZ,American plaice Gulf of Maine / Georges Bank,1,AMPL5YZWINFLOUNGOM,172905,Pseudopleuronectes americanus,Winter flounder,USA-NMFS-5Y,Winter flounder Gulf of Maine,0,NAWHAKEGBGOM,164732,Urophycis tenuis,White hake,USA-NMFS-5YZ,White hake Georges Bank / Gulf of Maine,0,NAPOLLGBGOM,164727,Pollachius virens,Pollock,USA-NMFS-5YZ,Pollock Georges Bank / Gulf of Maine,0,NAACADREDGOMGB,166774,Sebastes fasciatus,Acadian redfish,USA-NMFS-5YZ,Acadian redfish Gulf of Maine / Georges Bank,0,NAOPOUTNWATLC,630979,Zoarces americanus,Ocean pout,USA-NMFS-NWATLC,Ocean pout Northwestern Atlantic Coast,0,NAWINDOWGOMGB,172746,Scophthalmus aquosus,Windowpane,USA-NMFS-5YZ,Windowpane flounder - Gulf of Maine / Georges Bank,0,NAWINDOWSNEMATLB,172746,Scophthalmus aquosus,Windowpane,USA-NMFS-SNEMATLB,Windowpane flounder Southern New England / Mid-Atlantic Bight,0,NAHADGOM,164744,Melanogrammus aeglefinus,Haddock,USA-NMFS-5Y,Haddock Gulf of Maine,0,NAATHALNWATLC,172933,Hippoglossus hippoglossus,Atlantic Halibut,USA-NMFS-NWATLC,Atlantic halibut Northwestern Atlantic Coast,0,NASFLOUNMATLC,172735,Paralichthys dentatus,Summer flounder,USA-NMFS-MATLC,Summer flounder Mid-Atlantic Coast,1,SFLOUNDMABMONK2J3KLNOPs,164499,Lophius americanus,Monkfish,Canada-DFO-2J3KLNOPs,Monkfish Labrador Shelf - Grand Banks - St. Pierre Bank,0,NASTRIPEDBASSGOMCHATT,167680,Morone saxatilis,Striped bass,USA-NMFS-5YCHATT,Striped bass Gulf of Maine / Cape Hatteras,1,STRIPEDBASSUSAPANDALNWATLC,96967,Pandalus borealis,Northern shrimp,USA-NMFS-NWATLC,Northern shrimp Northwestern Atlantic Coast,0,NASCALLNWATLC,79718,Placopecten magellanicus,Sea scallop,USA-NMFS-NWATLC,Sea scallop Northwestern Atlantic Coast,0,NAQUAHATLC,81343,Arctica islandica,Ocean quahog,USA-NMFS-ATLC,Ocean quahog Atlantic Coast,0,NASURFMATLC,80944,Spisula solidissima,Atlantic surfclam,USA-NMFS-MATLC,Atlantic surfclam Mid-Atlantic Coast,0,NASDOGATLC,160617,Squalus acanthias,Spiny dogfish,USA-NMFS-ATLC,Spiny dogfish Atlantic Coast,1,SDOGNWATLBSBASSMATLC,167687,Centropristis striata,Black sea bass,USA-NMFS-MATLC,Black sea bass Mid-Atlantic Coast,0,NARDEEPCRABNWATL,620992,Chaceon quinquedens,Red deepsea crab,USA-NMFS-NWATL,Red deepsea crab Northwestern Atlantic,0,NASHAKEGOMNGB,164791,Merluccius bilinearis,Silver Hake,USA-NMFS-5YZ,Silver hake Gulf of Maine / Northern Georges Bank,0,NAMACKGOMCHATT,172414,Scomber scombrus,Mackerel,USA-NMFS-5YCHATT,Atlantic mackerel Gulf of Maine / Cape Hatteras,1,MACK2-6ILLEXNWATLC,82521,Illex illecebrosus,Northern shortfin squid,USA-NMFS-NWATLC,Northern shortfin squid Northwestern Atlantic Coast,0,NABLUEFISHATLC,168559,Pomatomus saltatrix,Bluefish,USA-NMFS-ATLC,Bluefish Atlantic Coast,0,NATILEMATLC,168546,Lopholatilus chamaeleonticeps,Tilefish,USA-NMFS-MATLC,Tilefish Mid-Atlantic Coast,0,NABUTTERGOMCHATT,172567,Peprilus triacanthus,Atlantic butterfish,USA-NMFS-5YCHATT,Atlantic butterfish Gulf of Maine / Cape Hatteras,1,BUTTER56SCUPNWATLC,169182,Stenotomus chrysops,Scup,USA-NMFS-NWATLC,Scup Atlantic Coast,1,SCUPWINFLOUNGB,172905,Pseudopleuronectes americanus,Winter flounder,USA-NMFS-5Z,Winter flounder Georges Bank,0,NAHERRNWATLC,161722,Clupea harengus,Herring,USA-NMFS-NWATLC,Atlantic herring Northwestern Atlantic Coast,0,NARSNAPEGM,168853,Lutjanus campechanus,Red snapper,USA-NMFS-EGM,Red snapper Eastern Gulf of Mexico,0,NARSNAPWGM,168853,Lutjanus campechanus,Red snapper,USA-NMFS-WGM,Red snapper Western Gulf of Mexico,0,NABRNROCKSHRIMPSATLC,96028,Sicyonia brevirostris,Brown rock shrimp,USA-NMFS-SATLC,Brown rock shrimp Southern Atlantic Coast,0,NASABLEFEBSAIGA,167123,Anoplopoma fimbria,Sablefish,USA-NMFS-EBSAIGA,Sablefish Eastern Bering Sea / Aleutian Islands / Gulf of Alaska,0,NAPCODBSAI,164711,Gadus macrocephalus,Pacific cod,USA-NMFS-BSAI,Pacific cod Bering Sea and Aleutian Islands,0,NAYSOLEBSAI,172907,Limanda aspera,Yellowfin sole,USA-NMFS-BSAI,Yellowfin sole Bering Sea and Aleutian Islands,0,NANRSOLEBSAI,616392,Lepidopsetta polyxystra,Northern rock sole,USA-NMFS-BSAI,Northern rock sole Bering Sea and Aleutian Islands,0,NAARFLOUNDBSAI,616029,Reinhardtius stomias,Arrowtooth flounder,USA-NMFS-BSAI,Arrowtooth flounder Bering Sea and Aleutian Islands,0,NAALPLAICBSAI,172901,Pleuronectes quadrituberculatus,Alaska plaice,USA-NMFS-BSAI,Alaska plaice Bering Sea and Aleutian Islands,0,NANROCKBSAI,166735,Sebastes polyspinis,Northern rockfish,USA-NMFS-BSAI,Northern rockfish Bering Sea and Aleutian Islands,0,NAPOPERCHBSAI,166707,Sebastes alutus,Pacific ocean perch,USA-NMFS-BSAI,Pacific ocean perch Bering Sea and Aleutian Islands,0,NAREYEROCKBSAI,166706,Sebastes aleutianus,Rougheye rockfish,USA-NMFS-BSAI,Rougheye rockfish Bering Sea and Aleutian Islands,0,NAATKABSAI,167120,Pleurogrammus monopterygius,Atka mackerel,USA-NMFS-BSAI,Atka mackerel Bering Sea and Aleutian Islands,0,NAFLSOLEBSAI,172875,Hippoglossoides elassodon,Flathead sole,USA-NMFS-BSAI,Flathead sole Bering Sea and Aleutian Islands,0,NAWPOLLAI,164722,Theragra chalcogramma,Walleye pollock,USA-NMFS-AI,Walleye pollock Aleutian Islands,0,NAWPOLLEBS,164722,Theragra chalcogramma,Walleye pollock,USA-NMFS-EBS,Walleye pollock Eastern Bering Sea,1,WPOLLEBSGHALBSAI,172930,Reinhardtius hippoglossoides,Greenland halibut,USA-NMFS-BSAI,Greenland turbot Bering Sea and Aleutian Islands,1,GHALEBSBKINGCRABSMI,97936,Paralithodes platypus,Blue king crab,USA-NMFS-SMI,Blue king crab Saint Matthews Island,0,NABKINGCRABPI,97936,Paralithodes platypus,Blue king crab,USA-NMFS-PI,Blue king crab Pribilof Islands,0,NARKCRABBB,97935,Paralithodes camtschaticus,Red king crab,USA-NMFS-BB,Red king crab Bristol Bay,1,RKCRABBRISSNOWCRABBS,98428,Chionoecetes opilio,Snow crab,USA-NMFS-BS,Snow crab Bering Sea,0,NAPOPERCHGA,166707,Sebastes alutus,Pacific ocean perch,USA-NMFS-GA,Pacific ocean perch Gulf of Alaska,1,PERCHGADUSKYROCKGA,166714,Sebastes ciliatus,Dusky rockfish,USA-NMFS-GA,Dusky rockfish Gulf of Alaska,0,NADSOLEGA,172887,Microstomus pacificus,Dover sole,USA-NMFS-GA,Dover sole Gulf of Alaska,0,NAWPOLLGA,164722,Theragra chalcogramma,Walleye pollock,USA-NMFS-GA,Walleye pollock Gulf of Alaska,1,WPOLLGASPANMACKSATLC,172436,Scomberomorus maculatus,Spanish mackerel,USA-NMFS-SATLC,Spanish mackerel Southern Atlantic Coast,0,NASPANMACKGM,172436,Scomberomorus maculatus,Spanish mackerel,USA-NMFS-GM,Spanish mackerel Gulf of Mexico,0,NAKMACKSATLC,172435,Scomberomorus cavalla,King Mackerel,USA-NMFS-SATLC,King mackerel Southern Atlantic Coast,0,NAKMACKGM,172435,Scomberomorus cavalla,King Mackerel,USA-NMFS-GM,King mackerel Gulf of Mexico,0,NAGAGGM,167759,Mycteroperca microlepis,Gag,USA-NMFS-GM,Gag Gulf of Mexico,0,NAGTRIGGM,173138,Balistes capriscus,Gray triggerfish,USA-NMFS-GM,Gray triggerfish Gulf of Mexico,0,NAVSNAPGM,168909,Rhomboplites aurorubens,Vermilion snapper,USA-NMFS-GM,Vermilion snapper Gulf of Mexico,0,NAGRAMBERGM,168689,Seriola dumerili,Greater amberjack,USA-NMFS-GM,Greater amberjack Gulf of Mexico,0,NABRNSHRIMPGM,551570,Farfantepenaeus aztecus,Brown shrimp,USA-NMFS-GM,Brown shrimp Gulf of Mexico,0,NAWSHRIMPGM,551680,Litopenaeus setiferus,White shrimp,USA-NMFS-GM,White shrimp Gulf of Mexico,0,NAPINKSHRIMPGM,551574,Farfantepenaeus duorarum,Pink shrimp,USA-NMFS-GM,Pink shrimp Gulf of Mexico,0,NAROYALRSHRIMPGM,95966,Pleoticus robustus,Royal red shrimp,USA-NMFS-GM,Royal red shrimp Gulf of Mexico,0,NASNOSESHARATL,160200,Rhizoprionodon terraenovae,Atlantic sharpnose shark,USA-NMFS-ATL,Atlantic sharpnose shark Atlantic,0,NABNOSESHARATL,160304,Carcharhinus acronotus,Blacknose shark,USA-NMFS-ATL,Blacknose shark Atlantic,0,NABHEADSHARATL,160502,Sphyrna tiburo,Bonnethead shark,USA-NMFS-ATL,Bonnethead shark Atlantic,0,NAFTOOTHSHARATL,160409,Carcharhinus isodon,Finetooth shark,USA-NMFS-ATL,Finetooth shark Atlantic,0,NASBARSHARATL,160289,Carcharhinus plumbeus,Sandbar shark,USA-NMFS-ATL,Sandbar shark Atlantic,0,NABRNSHRIMPSATLC,551570,Farfantepenaeus aztecus,Brown shrimp,USA-NMFS-SATLC,Brown shrimp Southern Atlantic Coast,0,NAWSHRIMPSATLC,551680,Litopenaeus setiferus,White shrimp,USA-NMFS-SATLC,White shrimp Southern Atlantic Coast,0,NAPINKSHRIMPSATLC,551574,Farfantepenaeus duorarum,Pink shrimp,USA-NMFS-SATLC,Pink shrimp Southern Atlantic Coast,0,NARPORGYSATLC,169207,Pagrus pagrus,Red porgy,USA-NMFS-SATLC,Red porgy Southern Atlantic coast,0,NAVSNAPSATLC,168909,Rhomboplites aurorubens,Vermilion snapper,USA-NMFS-SATLC,Vermilion snapper Southern Atlantic coast,0,NASNOWGROUPSATLC,167705,Epinephelus niveatus,Snowy grouper,USA-NMFS-SATLC,Snowy grouper Southern Atlantic coast,0,NATILESATLC,168546,Lopholatilus chamaeleonticeps,Tilefish,USA-NMFS-SATLC,Tilefish Southern Atlantic coast,0,NAGAGSATLC,167759,Mycteroperca microlepis,Gag,USA-NMFS-SATLC,Gag Southern Atlantic coast,0,NARSNAPSATLC,168853,Lutjanus campechanus,Red snapper,USA-NMFS-SATLC,Red snapper Southern Atlantic coast,0,NAGRAMBERSATLC,168689,Seriola dumerili,Greater amberjack,USA-NMFS-SATLC,Greater amberjack Southern Atlantic coast,0,NAYFINATL,172423,Thunnus albacares,Yellowfin tuna,USA-NMFS-ATL,Yellowfin tuna Atlantic,0,NABTIPSHARATL,160318,Carcharhinus limbatus,Blacktip shark,USA-NMFS-ATL,Blacktip shark Atlantic,0,NADUSKYSHARATL,160268,Carcharhinus obscurus,Dusky shark,USA-NMFS-ATL,Dusky shark Atlantic,0,NABIGEYEATL,172428,Thunnus obesus,Bigeye tuna,USA-NMFS-ATL,Bigeye tuna Atlantic,1,BIGEYEATLANTICBIGEYEEPAC,172428,Thunnus obesus,Bigeye tuna,multinational-IATTC-EPAC,Bigeye tuna Eastern Pacific,1,BIGEYEEPACIFICBIGEYEWPO,172428,Thunnus obesus,Bigeye tuna,multinational-SPC-WPO,Bigeye tuna Western Pacific Ocean,0,NACMACKPCOAST,172412,Scomber japonicus,Pacific chub mackerel,USA-NMFS-PCOAST,Pacific chub mackerel Pacific Coast,0,NABTIPSHARSATL,160318,Carcharhinus limbatus,Blacktip shark,USA-NMFS-SATL,Blacktip shark South Atlantic,0,NASWORDMED,172482,Xiphias gladius,Swordfish,multinational-ICCAT-MED,Swordfish Mediterranean Sea,0,NASARDPCOAST,161729,Sardinops sagax,Pacific sardine,USA-NMFS-PCOAST,Pacific sardine Pacific Coast,0,NASRAKEROCKBSAI,166712,Sebastes borealis,Shortraker rockfish,USA-NMFS-BSAI,Shortraker rockfish Bering Sea and Aleutian Islands,0,NAYFINCWPAC,172423,Thunnus albacares,Yellowfin tuna,USA-NMFS-CWPAC,Yellowfin tuna Central Western Pacific,0,NAYFINEPAC,172423,Thunnus albacares,Yellowfin tuna,multinational-IATTC-NEPAC,Yellowfin tuna Eastern Pacific,1,YFINNEPACBSBASSSATLC,167687,Centropristis striata,Black seabass,USA-NMFS-SATLC,Black seabass Southern Atlantic coast,0,NAHERRWCVANI,551209,Clupea pallasii,Pacific herring,Canada-DFO-WCVANI,Pacific herring West Coast of Vancouver Island,0,NAHERRQCI,551209,Clupea pallasii,Pacific herring,Canada-DFO-QCI,Pacific herring Queen Charlotte Islands,0,NAHERRCC,551209,Clupea pallasii,Pacific herring,Canada-DFO-CC,Pacific herring Central Coast,0,NAHERRSOG,551209,Clupea pallasii,Pacific herring,Canada-DFO-SOG,Pacific herring Straight of Georgia,0,NAHERR4VWX,161722,Clupea harengus,Herring,Canada-DFO-4VWX,Herring Scotian Shelf and Bay of Fundy,0,NAHERR4RFA,161722,Clupea harengus,Herring,Canada-DFO-4R,Herring NAFO 4R fall spawners,0,NAHERR4RSP,161722,Clupea harengus,Herring,Canada-DFO-4R,Herring NAFO 4R spring spawners,0,NAHERR4TFA,161722,Clupea harengus,Herring,Canada-DFO-4T,Herring NAFO 4T fall spawners,0,NAHERR4TSP,161722,Clupea harengus,Herring,Canada-DFO-4T,Herring NAFO 4T spring spawners,0,NAGHAL01ABCDEF,172930,Reinhardtius hippoglossoides,Greenland halibut,multinational-NAFO-01ABCDEF,Greenland halibut NAFO 01ABCDEF,0,NAGHAL23KLMNO,172930,Reinhardtius hippoglossoides,Greenland halibut,multinational-NAFO-23KLMNO,Greenland halibut NAFO 23KLMNO,1,GHALNAFO23GHAL4RST,172930,Reinhardtius hippoglossoides,Greenland halibut,Canada-DFO-4RST,Greenland halibut NAFO 4RST,0,NAHOKIENZ,623193,Macruronus novaezelandiae,Hoki,New Zealand-MFish-ENZ,Hoki Eastern New Zealand,0,NAHOKIWNZ,623193,Macruronus novaezelandiae,Hoki,New Zealand-MFish-WNZ,Hoki Western New Zealand,0,NABTROHUNT,162003,Salvelinus fontinalis,Freshwater brook trout,USA-US State-HUNT,Freshwater brook trout Hunt Creek Michigan,1,BTROHUNTWHITBLACKW,164758,Merlangius merlangus,Whiting,multinational-GFCMED-BLACKW,Whiting Western Black Sea,1,WHITBLACKWYPERKAB,168469,Perca flavescens,Yellow perch,USA-US State-KAB,"Yellow perch Kabegogama Lake, Minnesota",1,YPERKABSKJCWPAC,172401,Katsuwonus pelamis,Skipjack tuna,USA-NMFS-CWPAC,Skipjack tuna Central Western Pacific,0,NAHAKESOTH,164795,Merluccius merluccius,Hake,multinational-ICES-VIIIc-IXa,Hake Northeast Atlantic South,0,NAANCHOBAYB,161831,Engraulis encrasicolus,Anchovy,multinational-ICES-VIII,Anchovy ICES VIII,1,ANCHOBAYBMACKNEICES,172414,Scomber scombrus,Mackerel,multinational-ICES-IIa-IIIabd-IV-Vb-VI-VII-VIIIabcde-XII-XIV-Ixa,Mackerel ICES Northeast Atlantic,1,MACKNEICESFMEG8c9a,172834,Lepidorhombus boscii,Fourspotted megrim,multinational-ICES-VIIIc-IXa,Fourspotted megrim ICES VIIIc-IXa,1,MEG8c9aMEG8c9a,172835,Lepidorhombus whiffiagonis,Megrim,multinational-ICES-VIIIc-IXa,Megrim ICES VIIIc-IXa,1,MEG8c9aSARDPVIIIc-IXa,161813,Sardina pilchardus,European pilchard,multinational-ICES-VIIIc-IXa,European pilchard ICES VIIIc-IXa,1,SARDVIIIc-IXaBWHITNEA,164774,Micromesistius poutassou,Blue whiting,multinational-ICES-I-II-III-IV-V-VI-VII-VIII-IX-XII-XIV,Whiting Northeast Atlantic,0,NAARGHAKESARG,164800,Merluccius hubbsi,Argentine hake,Argentina-CFP-ARG-S,Argentine hake Southern Argentina,0,NAARGHAKENARG,164800,Merluccius hubbsi,Argentine hake,Argentina-CFP-ARG-N,Argentine hake Northern Argentina,0,NAARGANCHONARG,551338,Engraulis anchoita,Argentine anchoita,Argentina-CFP-ARG-N,Argentine anchoita Northern Argentina,0,NAARGANCHOSARG,551338,Engraulis anchoita,Argentine anchoita,Argentina-CFP-ARG-S,Argentine anchoita Southern Argentina,0,NATASGIANTCRABTAS,-999,Pseudocarcinus gigas,Tasmanian giant crab,Australia-AFMA-TAS,Tasmanian giant crab Tasmania,0,NARSOLEHSTR,172917,Lepidopsetta bilineata,Rock sole,Canada-DFO-HS,Rock sole Hecate Strait,0,NAMUTSNAPSATLCGM,168849,Lutjanus analis,Mutton snapper,USA-NMFS-SATLCGM,Mutton snapper Southern Atlantic coast and Gulf of Mexico,0,NAMENATGM,161734,Brevoortia patronus,Gulf menhaden,USA-NMFS-GM,Gulf menhaden Gulf of Mexico,1,MENGULFESOLEHS,172921,Parophrys vetulus,English sole,Canada-DFO-HS,English sole Hecate Strait,0,NASBWHITARGS,164775,Micromesistius australis,Southern blue whiting,Argentina-CFP-ARG-S, Southern blue whiting Southern Argentina,0,NAANCHOSA,161831,Engraulis encrasicolus,Anchovy,South Africa-DETMCM-SA,Anchovy South Africa,1,SAANCHSARDSA,161729,Sardinops sagax,Sardine,South Africa-DETMCM-SA,Sardine South Africa,1,SAPILCHSSLOBSTERSASC,552965,Palinurus gilchristi,Southern spiny lobster,South Africa-DETMCM-SASC,Southern spiny lobster South Africa South coast,0,NACTRACSA,168598,Trachurus capensis,Cape horse mackerel,South Africa-DETMCM-SASC,Cape horse mackerel South Africa South coast,1,SAHMACKPATGRENADIERSARG,550662,Macruronus magellanicus,Patagonian grenadier,Argentina-CFP-ARG-S,Patagonian grenadier Southern Argentina,0,NABSKATCANATL,564139,Dipturus laevis,Barndoor skate,Canada-DFO-ATL,Barndoor skate Canadian Atlantic Ocean,0,NAPOLL4X5YZ,164727,Pollachius virens,Pollock,Canada-DFO-4X5YZ,Pollock NAFO-4X5YZ,0,NABTIPSHARGM,160318,Carcharhinus limbatus,Blacktip shark,USA-NMFS-GM,Blacktip shark Gulf of Mexico,0,WHAKE4VWX5,164732,Urophycis tenuis,White hake,Canada-DFO-4VWX5,"White hake Scotian Shelf, Bay of Fundy and Georges Bank",0,NAPHALNPAC,172932,Hippoglossus stenolepis,Pacific halibut,multinational-IPHC-NPAC,Pacific halibut North Pacific,1,PHALCANUSSOUTHHAKECR,164797,Merluccius australis,Southern hake,New Zealand-MFish-CR,Southern hake Chatham Rise,0,SOUTHHAKESA,164797,Merluccius australis,Southern hake,New Zealand-MFish-SA,Southern hake Sub-Antarctic,0,SBWHITACIR,164775,Micromesistius australis,Southern blue whiting,New Zealand-MFish-CIR,Southern blue whiting Campbell Island Rise,0,BFOOTABALONEPAU5A,-997,Haliotis iris,Blackfoot abalone,New Zealand-MFish-PAU5A,Blackfoot abalone New Zealand Area PAU 5A,0,POLLNS-VI-IIIa,164727,Pollachius virens,Pollock,multinational-ICES-IIIa-IV-VI,"Pollock ICES IIIa, VI and North Sea",1,POLLNSBFOOTABALONEPAU5D,-997,Haliotis iris,Blackfoot abalone,New Zealand-MFish-PAU5D,Blackfoot abalone New Zealand Area PAU 5D,0,ATBTUNAEATL,172421,Thunnus thynnus,Atlantic bluefin tuna,multinational-ICCAT-EATL,Bluefin tuna Eastern Atlantic,1,BTUNAEABFOOTABALONEPAU5B,-997,Haliotis iris,Blackfoot abalone,New Zealand-MFish-PAU5B,Blackfoot abalone New Zealand Area PAU 5B,0,BFOOTABALONEPAU7,-997,Haliotis iris,Blackfoot abalone,New Zealand-MFish-PAU7,Blackfoot abalone New Zealand Area PAU 7,0,NZSNAPNZ8,169231,Chrysophrys auratus,New Zealand snapper,New Zealand-MFish-8,New Zealand snapper New Zealand Area 8,0,CRLOBSTERSA12,552953,Jasus lalandii,South African west coast rock lobster,South Africa-DETMCM-1-2,South African west coast rock lobster South Africa Areas 1-2,0,CRLOBSTERSA34,552953,Jasus lalandii,South African west coast rock lobster,South Africa-DETMCM-3-4,South African west coast rock lobster South Africa Areas 3-4,0,CRLOBSTERSA56,552953,Jasus lalandii,South African west coast rock lobster,South Africa-DETMCM-5-6,South African west coast rock lobster South Africa Areas 5-6,0,CRLOBSTERSA7,552953,Jasus lalandii,South African west coast rock lobster,South Africa-DETMCM-7,South African west coast rock lobster South Africa Area 7,0,CRLOBSTERSA8,552953,Jasus lalandii,South African west coast rock lobster,South Africa-DETMCM-8,South African west coast rock lobster South Africa Area 8,0,ALBANATL,172419,Thunnus alalunga,Albacore tuna,multinational-ICCAT-NATL,Albacore tuna North Atlantic,0,NAHERRPRD,551209,Clupea pallasii,Pacific herring,Canada-DFO-PRD,Pacific herring Prince Rupert District,0,NADUSROCKGA,644604,Sebastes variabilis,Dusky rockfish,USA-NMFS-GA,Dusky rockfish Gulf of Alaska,0,TANNERCRABBSAI,98429,Chionoecetes bairdi,Tanner crab,USA-NMFS-BSAI,Tanner crab Bering Sea and Aleutian Islands,0,RKCRABPI,97935,Paralithodes camtschaticus,Red king crab,USA-NMFS-PI,Red king crab Pribilof Islands,0,GKINGCRABAIES,660179,Lithodes aequispinus,Golden king crab,USA-NMFS-AIES,Golden king crab Aleutian Islands Eastern segment,0,GKINGCRABAIWS,660179,Lithodes aequispinus,Golden king crab,USA-NMFS-AIWS,Golden king crab Aleutian Islands Western segment,0,HAKENRTN,164795,Merluccius merluccius,Hake,multinational-ICES-IIIa-IV-VI-VII-VIIIabd,Hake Northeast Atlantic North,0,NAPLAICCELT,172902,Pleuronectes platessa,European Plaice,multinational-ICES-VIIf-g,European Plaice ICES VIIf-g,0,NAGEMFISHNZ,550883,Rexea solandri,common gemfish,New Zealand-MFish-NZ,common gemfish New Zealand,0,ATBTUNAWATL,172421,Thunnus thynnus,Atlantic bluefin tuna,multinational-ICCAT-WATL,Bluefin tuna Western Atlantic,1,BTUNAWASMOOTHOREOWECR,625280,Pseudocyttus maculatus,Smooth oreo,New Zealand-MFish-WECR,Smooth oreo West end of Chatham Rise,0,RROCKLOBSTERCRA1,660225,Jasus edwardsii,Red rock lobster,New Zealand-MFish-CRA1,Red rock lobster New Zealand area CRA1,0,RROCKLOBSTERCRA2,660225,Jasus edwardsii,Red rock lobster,New Zealand-MFish-CRA2,Red rock lobster New Zealand area CRA2,0,RROCKLOBSTERCRA3,660225,Jasus edwardsii,Red rock lobster,New Zealand-MFish-CRA3,Red rock lobster New Zealand area CRA3,0,RROCKLOBSTERCRA4,660225,Jasus edwardsii,Red rock lobster,New Zealand-MFish-CRA4,Red rock lobster New Zealand area CRA4,0,RROCKLOBSTERCRA5,660225,Jasus edwardsii,Red rock lobster,New Zealand-MFish-CRA5,Red rock lobster New Zealand area CRA5,0,RROCKLOBSTERCRA7,660225,Jasus edwardsii,Red rock lobster,New Zealand-MFish-CRA7,Red rock lobster New Zealand area CRA7,0,RROCKLOBSTERCRA8,660225,Jasus edwardsii,Red rock lobster,New Zealand-MFish-CRA8,Red rock lobster New Zealand area CRA8,0,BLACKOREOWECR,625296,Allocyttus niger,Black oreo,New Zealand-MFish-WECR,Black oreo West end of Chatham Rise,0,TREVALLYTRE7,168641,Pseudocaranx dentex,Trevally,New Zealand-MFish-TRE7,Trevally New Zealand Areas TRE 7,0,PAUAPAU5A,-997,Haliotis iris,New Zealand abalone species,New Zealand-MFish-PAU5A,New Zealand abalone species New Zealand Area PAU 5A,0,PAUAPAU5B,-997,Haliotis iris,New Zealand abalone species,New Zealand-MFish-PAU5B,New Zealand abalone species New Zealand Area PAU 5B,0,PAUAPAU5D,-997,Haliotis iris,New Zealand abalone species,New Zealand-MFish-PAU5D,New Zealand abalone species New Zealand Area PAU 5D,0,PAUAPAU7,-997,Haliotis iris,New Zealand abalone species,New Zealand-MFish-PAU7,New Zealand abalone species New Zealand Area PAU 7,0,NZLINGLIN3-4,165000,Genypterus blacodes,Ling,New Zealand-MFish-LIN3-4,New Zealand ling New Zealand Areas LIN 3 and 4,0,NZLINGLIN6b,165000,Genypterus blacodes,Ling,New Zealand-MFish-LIN6b,New Zealand ling New Zealand Area LIN 6b,0,NZLINGLIN5-6,165000,Genypterus blacodes,Ling,New Zealand-MFish-LIN5-6,New Zealand ling New Zealand Areas LIN 5 and 6,0,NZLINGLIN72,165000,Genypterus blacodes,Ling,New Zealand-MFish-LIN72,New Zealand ling New Zealand Area LIN 72,0,NZLINGLIN7WC,165000,Genypterus blacodes,Ling,New Zealand-MFish-LIN7WC-WCSI,New Zealand ling New Zealand Area LIN 7WC - WCSI,0,MENATLAN,161732,Brevoortia tyrannus,Atlantic menhaden,USA-NMFS-ATL,Atlantic menhaden Atlantic,1,MENATLANGEMFISHSE,550883,Rexea solandri,common gemfish,Australia-AFMA-SE,common gemfish Southeast Australia,0,SILVERFISHSE,172534,Seriolella punctata,Silverfish,Australia-AFMA-SE,Silverfish Southeast Australia,0,TIGERFLATSE,644187,Neoplatycephalus richardsoni,Tiger flathead,Australia-AFMA-SE,Tiger flathead Southeast Australia,0,SWHITSE,646043,Sillago flindersi,School whiting,Australia-AFMA-SE,School whiting Southeast Australia,0,BTSHRIMPNAUST,95625,Penaeus esculentus,Brown tiger shrimp,Australia-AFMA-NAUST,Northern Australia brown tiger shrimp,0,GTPRAWNNAUST,95625,Penaeus semisulcatus,Grooved Tiger Prawn,Australia-AFMA-NAUST,Northern Australia grooved Tiger Prawn,0,OROUGHYCASCADE,166139,Hoplostethus atlanticus,Orange roughy,Australia-AFMA-CASCADE,Orange roughy Cascade Plateau,0,OROUGHYSE,166139,Hoplostethus atlanticus,Orange roughy,Australia-AFMA-SE,Orange roughy Southeast Australia,0,DEEPFLATHEADSE,644351,Platycephalus conatus,Deepwater flathead,Australia-AFMA-SE,Deepwater flathead Southeast Australia,0,BIGHTREDSE,622143,Centroberyx gerrardi,Bight redfish,Australia-AFMA-SE,Bight redfish Southeast Australia,0,MORWONGSE,170262,Nemadactylus macropterus,Jackass morwong,Australia-AFMA-SE,Jackass morwong Southeast Australia,0,SWORDNATL,172482,Xiphias gladius,Swordfish,multinational-ICCAT-NATL,Swordfish North Atlantic,1,SWORDNAMONKGOMNGB,164499,Lophius americanus,Monkfish,USA-NMFS-GOMNGB,Monkfish Gulf of Maine / Northern Georges Bank,0,SWORDSATL,172482,Xiphias gladius,Swordfish,multinational-ICCAT-SATL,Swordfish South Atlantic,1,SWORDSAOROUGHYNZMEC,166139,Hoplostethus atlanticus,Orange roughy,New Zealand-MFish-NZMEC,Orange roughy New Zealand Mid East Coast,0,BIGEYEIO,172428,Thunnus obesus,Bigeye tuna,multinational-IOTC-IO,Bigeye tuna Indian Ocean,0,MONKSGBMATL,164499,Lophius americanus,Monkfish,USA-NMFS-SGBMATL,Monkfish Southern Georges Bank / Mid-Atlantic,0,DEEPCHAKESA,164796,Merluccius paradoxus,Deep-water cape hake,South Africa-DETMCM-SA,Deep-water cape hake South Africa,0,ATLCROAKMATLC,169283,Micropogonias undulatus,Atlantic croaker,USA-NMFS-MATLC,Atlantic croaker Mid-Atlantic Coast,0,CALSCORPSCAL,166827,Scorpaena guttata,California scorpionfish,USA-NMFS-SCAL,California scorpionfish Southern California,0,CMACKNPAC,172412,Scomber japonicus,Pacific chub mackerel,USA-NMFS-NPAC,Pacific chub mackerel North Pacific,0,HERRPWS,551209,Clupea pallasii,Pacific herring,USA-US State-PWS,Pacific herring Prince William Sound,0,HERRSITKA,551209,Clupea pallasii,Pacific herring,USA-US State-SITKA,Pacific herring Sitka,0,SARDNPAC,161729,Sardinops sagax,Pacific sardine,USA-NMFS-NPAC,Pacific sardine North Pacific,0,PTOOTHFISHPEI,642807,Dissostichus eleginoides,Patagonian toothfish,South Africa-DETMCM-PEI,Patagonian toothfish South Africa Subantarctic Prince Edward Islands,0,SHAKESGBMATL,164791,Merluccius bilinearis,Silver Hake,USA-NMFS-SGBMATL,Silver hake Southern Georges Bank / Mid-Atlantic,1,SHAKEMABKINGKLIPSA,165001,Genypterus capensis,Kingklip,South Africa-DETMCM-SA,Kingklip South Africa,0,CHAKESA,164798,Merluccius capensis,Shallow-water cape hake,South Africa-DETMCM-SA,Shallow-water cape hake South Africa,0,SKJEATL,172401,Katsuwonus pelamis,Skipjack tuna,multinational-ICCAT-EATL,Skipjack tuna Eastern Atlantic,0,SKJWATL,172401,Katsuwonus pelamis,Skipjack tuna,multinational-ICCAT-WATL,Skipjack tuna Western Atlantic,0,DSOLEPCOAST,172887,Microstomus pacificus,Dover sole,USA-NMFS-PCOAST,Dover sole Pacific Coast,0,CHTRACCH,168597,Trachurus murphyi,Chilean jack mackerel,multinational-SPRFMO-CH,Chilean jack mackerel Chilean EEZ and offshore,0,YTSNAPSATLC,168907,Ocyurus chrysurus,Yellowtail snapper,USA-NMFS-SATLC,Yellowtail snapper Southern Atlantic Coast,0,PANDALGOM,96967,Pandalus borealis,Northern shrimp,USA-NMFS-5Y,Northern shrimp Gulf of Maine,0,YTROCKNPCOAST,166720,Sebastes flavidus,Yellowtail rockfish,USA-NMFS-NPCOAST,Yellowtail rockfish Northern Pacific Coast,0,SCALLMATLC,79718,Placopecten magellanicus,Sea scallop,USA-NMFS-MATLC,Sea scallop Mid-Atlantic Coast,0,SCALLGB,79718,Placopecten magellanicus,Sea scallop,USA-NMFS-5Z,Sea scallop Georges Bank,0,LINGCODNPCOAST,167116,Ophiodon elongatus,Lingcod,USA-NMFS-NPCOAST,Lingcod Northern Pacific Coast,0,LINGCODSPCOAST,167116,Ophiodon elongatus,Lingcod,USA-NMFS-SPCOAST,Lingcod Southern Pacific Coast,0,BGROCKPCOAST,166728,Sebastes melanostomus,Blackgill rockfish,USA-NMFS-PCOAST,Blackgill rockfish  Pacific Coast,0,GOPHERSPCOAST,166767,Sebastes carnatus,Gopher rockfish,USA-NMFS-SPCOAST,Gopher rockfish Southern Pacific Coast,0,PSOLESPCOAST,172868,Eopsetta jordani,Petrale sole,USA-NMFS-SPCOAST,Petrale sole Southern Pacific Coast,0,PSOLENPCOAST,172868,Eopsetta jordani,Petrale sole,USA-NMFS-NPCOAST,Petrale sole Northern Pacific Coast,0,STFLOUNSPCOAST,172893,Platichthys stellatus,Starry flounder,USA-NMFS-SPCOAST,Starry flounder Southern Pacific Coast,0,STFLOUNNPCOAST,172893,Platichthys stellatus,Starry flounder,USA-NMFS-NPCOAST,Starry flounder Northern Pacific Coast,0,SSTHORNHPCOAST,166783,Sebastolobus alascanus,Shortspine thornyhead,USA-NMFS-PCOAST,Shortspine thornyhead Pacific Coast,0,LSTHORNHPCOAST,166784,Sebastolobus altivelis,Longspine thornyhead,USA-NMFS-PCOAST,Longspine thornyhead Pacific Coast,0,WPOLLNSO,164722,Theragra chalcogramma,Walleye pollock,Russia-RFFA-NSO,Walleye pollock Northern Sea of Okhotsk,0,WPOLLWBS,164722,Theragra chalcogramma,Walleye pollock,Russia-RFFA-WBS,Walleye pollock Western Bering Sea,0,LOBSTERGB,97314,Homarus americanus,American lobster,USA-NMFS-5Z,American lobster Georges Bank,0,LOBSTERGOM,97314,Homarus americanus,American lobster,USA-NMFS-5Y,American lobster Gulf of Maine,0,LOBSTERSNE,97314,Homarus americanus,American lobster,USA-NMFS-SNE,American lobster Southern New England,0,SAABALONESA,-995,Haliotis midae,South African abalone,South Africa-DETMCM-SA,South African abalone South Africa,0,SNOWCRABSGSL,98428,Chionoecetes opilio,Snow crab,Canada-DFO-4T,Snow crab Southern Gulf of St. Lawrence,0,BSKAT5YZSNE,564139,Dipturus laevis,Barndoor skate,USA-NMFS-5YZSNE,Barndoor skate Gulf of Marine / Georges Bank-Southern New England,0,CSKATMATLC,160855,Raja eglanteria,Clearnose skate,USA-NMFS-MATLC,Clearnose skate Mid-Atlantic Coast,0,LSKAT5YCHATT,564130,Leucoraja erinacea,Little skate,USA-NMFS-5YCHATT,Little skate Gulf of Maine / Cape Hatteras,0,RSKATMATLC,564136,Leucoraja garmani,Rosette skate,USA-NMFS-MATLC,Rosette skate Mid-Atlantic Coast,0,SSKAT5YZSNE,564151,Malacoraja senta,Smooth skate,USA-NMFS-5YZSNE,Smooth skate Gulf of Marine / Georges Bank-Southern New England,0,TSKAT5YZSNE,564149,Amblyraja radiata,Thorny skate,USA-NMFS-5YZSNE,Thorny skate Gulf of Marine / Georges Bank-Southern New England,0,WSKAT5YCHATT,564145,Leucoraja ocellata,Winter skate,USA-NMFS-5YCHATT,Winter skate Gulf of Maine / Cape Hatteras,0,AUSSALMONNZ,168827,Arripis trutta,Australian salmon,New Zealand-MFish-NZ,Australian salmon New Zealand,0,RGROUPGM,167702,Epinephelus morio,Red grouper,USA-NMFS-GM,Red grouper Gulf of Mexico,0,NZLINGESE,165000,Genypterus blacodes,Ling,Australia-AFMA-SE,New Zealand ling Eastern half of Southeast Australia,0,NZLINGWSE,165000,Genypterus blacodes,Ling,Australia-AFMA-WSE,New Zealand ling Western half of Southeast Australia,0,WAREHOUESE,172531,Seriolella brama,Blue Warehou,Australia-AFMA-ESE,Blue Warehou Eastern half of Southeast Australia,0,WAREHOUWSE,172531,Seriolella brama,Blue Warehou,Australia-AFMA-WSE,Blue Warehou Western half of Southeast Australia,0,YTSNAPSATLCGM,168907,Ocyurus chrysurus,Yellowtail snapper,USA-NMFS-SATLCGM,Yellowtail snapper Southern Atlantic Coast and Gulf of Mexico,0,KELPGREENLINGORECOAST,167110,Hexagrammos decagrammus,Kelp greenling,USA-NMFS-ORECOAST,Kelp greenling Oregon Coast,0,CABEZNCAL,692068,Scorpaenichthys marmoratus,Cabezon,USA-NMFS-NCAL,Cabezon Northern California,0,CABEZSCAL,692068,Scorpaenichthys marmoratus,Cabezon,USA-NMFS-SCAL,Cabezon Southern California,0,ATOOTHFISHRS,642808,Dissostichus mawsoni,Antarctic toothfish,multinational-CCAMLR-RS,Antarctic toothfish Ross Sea,0,SMOOTHOREOCR,625280,Pseudocyttus maculatus,Smooth oreo,New Zealand-MFish-CR,Smooth oreo Chatham Rise,0,SFMAKONWPAC,159924,Isurus oxyrinchus,Shortfin mako,multinational-UNKNOWN-NWPAC,Shortfin mako Nothwest Pacific Ocean,0,WEAKFISHATLC,169241,Cynoscion regalis,Weakfish,USA-NMFS-ATLC,Weakfish Atlantic Coast,0,RKCRABNS,97935,Paralithodes camtschaticus,Red king crab,USA-NMFS-NS,Red king crab Norton Sound,0,HERR31,161722,Clupea harengus,Herring,multinational-ICES-31,Herring ICES 31,0,NAPANCHPERUNC,551340,Engraulis ringens,Peruvian anchoveta,Peru-IMARPE-NC,Peruvian anchoveta North-Central Peru,1,PANCHNCSSBT,172431,Thunnus maccoyii,Southern bluefin tuna,multinational-CCSBT-SO,Southern bluefin tuna Southern Oceans,0,NULLSTMARLINSWPO,768127,Kajikia audax,Striped marlin,multinational-SPC-WPO,Striped marlin Southwestern Pacific Ocean,0,NULLSABLEFPCAN,167123,Anoplopoma fimbria,Sablefish,Canada-DFO-PCOAST,Sablefish Pacific Coast of Canada,1,SABLEFPCANCUSK4X,164740,Brosme brosme,Cusk,Canada-DFO-4X,Cusk NAFO 4X,0,NULLPTOOTHFISHMI,642807,Dissostichus eleginoides,Patagonian toothfish,Australia-AFMA-MI,Patagonian toothfish Macquarie Island,0,NULLANCHOVYKILKACS,551220,Clupeonella engrauliformis,Anchovy kilka,Iran-Iran-CS,Anchovy kilka Caspian Sea,0,NULLREDFISHSPP1,166705,Sebastes spp,Redfish species,multinational-NAFO-1,Redfish species NAFO 1,0,NAREDFISHSPP23K,166705,Sebastes spp,Redfish species,Canada-DFO-23K,Redfish species NAFO 23K,0,NAREDFISHSPP3LN,166705,Sebastes spp,Redfish species,multinational-NAFO-3LN,Redfish species NAFO 3LN,0,NAREDFISHSPP3M,166705,Sebastes spp,Redfish species,multinational-NAFO-3M,Redfish species NAFO 3M,0,NAREDFISHSPP3Pn4RSTVn,166705,Sebastes spp,Redfish species,Canada-DFO-3Pn4RSTVn,Redfish species NAFO 3Pn4RSTVn,0,NA